N,Mean_K,Bias_K,RMSE_K,Mean_GP,Bias_GP,RMSE_GP,Mean_GR,Bias_GR,RMSE_GR,Avg_Cond_Num
100,22.0499977548967,0.0499977548966584,0.755837624467363,-0.995418628353496,0.00458137164650385,0.1437027695852,0.601413059586188,0.0014130595861882,0.248948225968693,2486.55566546042
