spec,log_lik_obs,log_lik_e2k,LR_obs,LR_e2k
4-param,-268481.410656612,-247613.831400649,13422.2272340269,11938.9689655219
8-param,-261770.297039599,-241644.346917888,13422.2272340269,11938.9689655219
