spec,log_lik_obs,LR_obs
4-param,-268481.410656612,13422.2272340269
8-param,-261770.297039599,13422.2272340269
