Model,Coefficient,SE,P_Value,P_Label,N,R2
LUST,-0.00465062013859749,0.00126764751448877,0.00175694240130611,0.0018***,6034224,0.0567340122451427
Exit,0.02269891698966,0.00398665115408781,0.0000212288995438839,0.0000***,6034224,0.114688888433732
Retrofit,0.000247550052031092,0.000935997769624184,0.794416823302212,0.7944,6034224,0.070160018426888
