outcome,term,coef,se,p
dcap_pct,swap,84.4105393809135,15.6769673453083,6.08052292154287e-05
net_tank_change,swap,0.908890173815903,0.154151147654172,2.25575415900845e-05
