margin,size_term,odds_ratio,se,p,n
Exit,size 2,0.716150704047681,0.110537228643624,0.00252456073657219,2193723
Exit,size 3,0.588137669746337,0.143238671606105,0.000210838595990171,2193723
Exit,size 4 plus,0.477370534228929,0.126485168850744,5.02817187637299e-09,2193723
Downsize,size 2,8.1215247993641,0.460773075376432,5.47632748481621e-06,2189617
Downsize,size 3,9.33668903273978,0.424861399554514,1.45573774971946e-07,2189617
Downsize,size 4 plus,27.082072684558,0.420128609304205,4.09282404503468e-15,2189617
Replace,size 2,1.82319675197208,0.0900544064654729,2.57190465900562e-11,2171428
Replace,size 3,3.30444373572717,0.141887307887466,3.63637009548233e-17,2171428
Replace,size 4 plus,3.59833151741988,0.116916953998486,6.50222659728394e-28,2171428
