margin,sample,odds_ratio,se,p,n,n_states_RB
Downsize,full,0.49007140156046,0.183783713825336,0.00010416855228436,2193723,1
Replace,has_SW,2.13783482529912,0.225576410774153,0.00075652067880188,1775516,1
Exit,full,1.63396748271075,0.161997144175785,0.00243756451285485,2193723,1
