Outcome,Coef_PostDeadline
LUST,-0.00578699395155634
Exit,-0.0204345784220133
