Model,Coefficient,SE,P_Value,P_Label,N,R2
Closure-Triggered,-0.00173461286813298,0.00118811377530237,0.16153154014524,0.1615,6034224,0.0624504879020034
Operational Discovery,0.0308094128930426,0.00368416108603883,0.000000129599891262706,0.0000***,6034224,0.133453669714808
