age_bin_yr,Control,Texas
,0.0564929616854666,0.0558980682285245
"[0,1)",0.0000932227090519251,
"[1,2)",0.0964855038687424,0.11508425811755
"[2,3)",0.0960193903234828,0.13645704891081
"[3,4)",0.102824648084273,0.130702836004932
"[4,5)",0.110375687517479,0.120427455815865
"[5,6)",0.102451757248066,0.0986436498150432
"[6,7)",0.103570429756689,0.100698725852857
"[7,8)",0.14626643050247,0.102342786683107
"[8,9)",0.185419968304279,0.139745170571311
