state_group,N_total,N_unknown_wall,N_unknown_fuel,N_na_cell,pre_closure_rate_uw,pre_closure_rate_cls
Control,3820474,167362,0,8475,0.0271985277422593,0.0190374672334163
Texas,951878,68769,0,39132,0.123980281813026,0.0310041002866011
