period,rate
pre_1992_1998,0.000771078314499245
post_all,0.0209271581593557
post_1999_2004,0.0290062154205598
post_2005_2020,0.0171292583253856
