period,rate
pre_1992_1998,0.000573916872859311
post_all,0.020934133217171
post_1999_2004,0.0291220622252382
post_2005_2020,0.0170841312880411
