YEAR,churn_pct
2018,0.170076823609949
2009,0.172693660384164
2010,0.207836456558773
2012,0.120866863198152
2013,0.229621125143513
2014,0.263812576312576
2015,0.182821059038345
2016,0.153198908429351
2017,0.0993484093522422
2019,0.273658830620856
2020,0.1176296515499
2011,0.148947900395112
2008,0.100314418326097
