outcome,term,coef,se,p
dcap_pct,consolidation,191.641776075981,23.6734564525834,3.10569373595446e-07
net_tank_change,consolidation,2.37173792633697,0.0785327563877433,3.26807575704177e-16
single_to_double_year,consolidation,16.5106151551008,0.156609927396799,0
