term,odds_ratio,coef,se,p,n_strata,n_obs
tank_age,1.04394464491138,0.0430064659391895,0.00868912893648335,7.44209973439983e-07,19744,76626
SW,2.85297729560278,1.04836311412146,0.314379346340963,0.000853892151948858,19744,76626
capacity_per_1000gal,1.00000346407406,3.46406805906737e-06,1.7943472163097e-05,0.846916285451349,19744,76626
