size_bin,n_partial,n_obs_in_size,n_closures_in_size,pct_of_obs_that_are_partial,pct_of_closures_that_are_partial
1,470,529950,12965,0.0886876120388716,3.62514462013112
2,2042,581238,10417,0.351319080996081,19.602572717673
3,3721,614875,11524,0.605163651148608,32.289135716765
4+,6800,555805,9670,1.22345067064888,70.3205791106515
