facility_complete_closure,replacement_closure_year,N,pct_of_closures
1,1,1310,2.93708802295861
1,0,38392,86.0768575400206
0,1,4900,10.9860544370208
