group,facilities,tanks_reform,fac_years,pct_sw,pct_pre89,med_age,tanks_med,tanks_p25,tanks_p75,cap_med,cap_p25,cap_p75,mean_age,rel_rate
Full,252670,330311,4824293,89.4320806754846,69.0388754840136,13.9712525667351,2,1,3,15,3.78,26.7,18.7808435512968,1.42653236791451
Texas,54379,60651,898006,89.1625859425236,74.8033832912895,14.3901437371663,3,2,3,20,8,30,15.4953278397914,0.549468231434815
Controls,198291,269660,3926287,89.4926945041905,67.7423422087073,13.9712525667351,2,1,3,14,3,26,19.5531787774026,1.6327062497758
