dimension,did_term,did_Z,se,ci_lo,ci_hi,p
gas_station,0.00508480629576545,0.0182402032739071,0.00163037586599249,0.0150446665765618,0.0214357399712523,2.91743647504238e-09
