dimension,term,n_obs,beta,se,ci_lo,ci_hi,p
gas_station,did_term,9761044,0.0197070337898778,0.00573814670456756,0.00846026624892539,0.0309538013308302,0.00316327147393112
gas_station,did_Z,9761044,-0.0050658872556901,0.00398325670297475,-0.0128730703935206,0.00274129588214041,0.220569692850441
fuel_gasonly,did_term,9761044,0.00680099223792421,0.00365170968570498,-0.000356358746057542,0.013958343221906,0.0799203512262987
fuel_gasonly,did_Z,9761044,0.0430596967191306,0.00223345815293112,0.0386821187393856,0.0474372746988756,5.44686967278993e-13
