n,median,mean,sd,p10,p25,p75,p90,p95,p99,state
12539,136248.810921599,403322.48720151,619825.20655527,13961.2196711874,42533.28901046,494948.86761177,1195207.95090055,1737650.33220367,2721326.10252923,Pooled
