term,coef,exp(coef),se(coef),robust se,z,Pr(>|z|)
did_term_sw,0.345179973453596,1.41224406323881,0.0215068029014118,0.197963552305748,1.74365416983667,0.0812194114229973
did_term_dw,0.580143653373386,1.78629501962513,0.0311390181137328,0.121777999444145,4.76394468640844,0.00000189844565782914
