vintage_bin,ks_d,ks_p,tx_mean,ct_mean,tx_p50,ct_p50,n,annot
1989-1998,0.628,0,0.0140432088126928,0.0294311111510671,0.0141669641048195,0.0243079990263101,32835,"KS D = 0.628  p = 0.000***
Median TX: 1.417%  CTL: 2.431%"
Pre-1980,0.645,0,0.0142769070696171,0.0310455873127267,0.0144258861986785,0.0278610253816527,27027,"KS D = 0.645  p = 0.000***
Median TX: 1.443%  CTL: 2.786%"
1980-1988,0.656,0,0.0113717114962503,0.0253625643713908,0.011644551202122,0.0211643315548381,37352,"KS D = 0.656  p = 0.000***
Median TX: 1.164%  CTL: 2.116%"
