term,coef,exp(coef),se(coef),robust se,z,Pr(>|z|)
did_term,-20.6394107048502,0.00000000108747134270326,399.035457404754,1.00711812894763,-20.4935350795612,0.00000000000000000000000000000000000000000000000000000000000000000000000000000000000000000000245875657507819
did_term:has_single_walled,,,0,0,,
