state,state_label,n,median,mean,sd,p10,p25,p75,p90,p95,p99,min_year,max_year
TN,Tennessee,1248,146805.433227125,370627.139989445,511623.308330401,33941.1847732094,58445.534271193,469781.54433956,1069280.72452964,1495322.756053,2392120.8049637,1982,2018
NM,New Mexico,938,56517.1257701802,192476.891033787,598252.206512015,9696.22442397859,24841.2945852655,136971.11004913,419290.113629977,779566.226871429,1726761.62882709,1983,2023
CO,Colorado,3131,151582.632999093,453978.574153782,689332.734851278,15200.0386893939,39737.0051525995,580868.155027688,1324016.13665482,1903110.11684868,3281131.45515711,1984,2023
LA,Louisiana,1566,240036.947596924,539551.978259249,666256.878488004,38728.4802569104,84912.9658912793,797261.139533782,1493414.56895491,1955493.02561571,2874457.76014802,1988,2024
UT,Utah,561,167042.049695336,362865.116124465,451341.969507953,13274.2914141129,42844.9131450153,500338.06082373,1021410.90331687,1470527.08468768,1865890.74286156,1990,2023
PA,Pennsylvania,5095,126709.1722,381601.968350915,590391.73481955,8669.18606533264,34656.1462670824,449917.5187903,1166223.88134914,1752949.25003103,2414491.89950078,1994,2025
