state,state_label,n,median,mean,sd,p10,p25,p75,p90,p95,p99
TN,Tennessee,1248,146805.433227125,370627.139989445,511623.308330401,33941.1847732094,58445.534271193,469781.54433956,1069280.72452964,1495322.756053,2392120.8049637
NM,New Mexico,938,56517.1257701802,192476.891033787,598252.206512015,9696.22442397859,24841.2945852655,136971.11004913,419290.113629977,779566.226871429,1726761.62882709
CO,Colorado,3133,151582.632999093,453931.135703144,689149.747096704,15202.5955117027,39752.0235594288,581142.291779245,1323297.98096452,1902569.93669598,3280874.50610806
LA,Louisiana,1566,240036.947596924,539551.978259249,666256.878488004,38728.4802569104,84912.9658912793,797261.139533782,1493414.56895491,1955493.02561571,2874457.76014802
UT,Utah,561,167042.049695336,362865.116124465,451341.969507953,13274.2914141129,42844.9131450153,500338.06082373,1021410.90331687,1470527.08468768,1865890.74286156
PA,Pennsylvania,5095,126709.1722,381601.968350915,590391.73481955,8669.18606533264,34656.1462670824,449917.5187903,1166223.88134914,1752949.25003103,2414491.89950078
