term,estimate,std.error,statistic,p.value,stars
(Intercept),-1.20605831082535,0.00492142062845954,-245.063042132787,0,$^{***}$
texas,-17.3600101995705,28.0601355017479,-0.61867164534858,0.536132692999709,""
